{"cameraMode":{"drawMode":0,"name":"Shaded","section":"Shading Mode"},"sceneLighting":true,"audioPlay":false,"sceneViewState":{"m_AlwaysRefresh":false,"showFog":true,"showSkybox":true,"showFlares":true,"showImageEffects":true,"showParticleSystems":true,"showVisualEffectGraphs":true,"m_FxEnabled":true},"in2DMode":false,"pivot":{"x":539.2255249023438,"y":287.24444580078127,"z":59.387237548828128},"rotation":{"x":-0.14529001712799073,"y":-0.006830241531133652,"z":0.0010023751528933645,"w":-0.98936927318573},"size":365.3445739746094,"orthographic":false}