{"cameraMode":{"drawMode":0,"name":"Shaded","section":"Shading Mode"},"sceneLighting":true,"audioPlay":false,"sceneViewState":{"m_AlwaysRefresh":false,"showFog":true,"showSkybox":true,"showFlares":true,"showImageEffects":true,"showParticleSystems":true,"showVisualEffectGraphs":true,"m_FxEnabled":true},"in2DMode":false,"pivot":{"x":249.9331512451172,"y":268.08123779296877,"z":87.2791748046875},"rotation":{"x":-0.17780354619026185,"y":-0.024504082277417184,"z":0.004428250249475241,"w":-0.9837560653686523},"size":330.2676696777344,"orthographic":false}