{"cameraMode":{"drawMode":0,"name":"Shaded","section":"Shading Mode"},"sceneLighting":true,"audioPlay":false,"sceneViewState":{"m_AlwaysRefresh":false,"showFog":true,"showSkybox":true,"showFlares":true,"showImageEffects":true,"showParticleSystems":true,"showVisualEffectGraphs":true,"m_FxEnabled":true},"in2DMode":false,"pivot":{"x":8.061874389648438,"y":-16.922758102416993,"z":21.90861701965332},"rotation":{"x":-0.3129415512084961,"y":-0.010830076411366463,"z":0.0035686318296939136,"w":-0.949705958366394},"size":24.117137908935548,"orthographic":false}